{"docs": {"0": {"co@@": 1, "vid@@": 1, "0-@@": 1, "19": 1, "là": 1, "đại": 1, "dịch": 1, "lớn": 1, "nhất": 1, "lịch": 1, "sử": 1, "việt": 1, "nam": 1}}, "doc_len": {"0": 13}, "idf": {"co@@": 0.28768207245178085, "vid@@": 0.28768207245178085, "0-@@": 0.28768207245178085, "19": 0.28768207245178085, "là": 0.28768207245178085, "đại": 0.28768207245178085, "dịch": 0.28768207245178085, "lớn": 0.28768207245178085, "nhất": 0.28768207245178085, "lịch": 0.28768207245178085, "sử": 0.28768207245178085, "việt": 0.28768207245178085, "nam": 0.28768207245178085}, "avg_doc_len": 13.0}